{
  "global_explanations": {
    "shap_feature_importance": {
      "feature_importance": {
        "registered": 1328.4647052786172,
        "casual": 344.42359403454674,
        "instant": 24.60296279253993,
        "temp": 7.480463640383775,
        "atemp": 6.692593312794092,
        "day_of_week": 3.4695333349181188,
        "temp_season_adjusted": 3.4387228976909987,
        "hum": 2.807109108070868,
        "windspeed": 2.7567578268031023,
        "workingday": 2.4802101110405217,
        "day": 1.9688985909295047,
        "temp_hum_interaction": 1.4857165475229965,
        "yr": 1.4745868987338375,
        "mnth": 1.3461375735156438,
        "weathersit": 1.0603703909316982,
        "weekday": 1.0228274899675838,
        "month": 0.7735457239818533,
        "season": 0.6916469289775232,
        "year": 0.6794825329379858,
        "wind_category": 0.5955708675036153,
        "holiday": 0.04307806034647934
      },
      "mean_abs_shap_values": [
        24.60296279253993,
        0.6916469289775232,
        1.4745868987338375,
        1.3461375735156438,
        0.04307806034647934,
        1.0228274899675838,
        2.4802101110405217,
        1.0603703909316982,
        7.480463640383775,
        6.692593312794092,
        2.807109108070868,
        2.7567578268031023,
        344.42359403454674,
        1328.4647052786172,
        0.6794825329379858,
        0.7735457239818533,
        1.9688985909295047,
        3.4695333349181188,
        1.4857165475229965,
        0.5955708675036153,
        3.4387228976909987
      ],
      "feature_names": [
        "instant",
        "season",
        "yr",
        "mnth",
        "holiday",
        "weekday",
        "workingday",
        "weathersit",
        "temp",
        "atemp",
        "hum",
        "windspeed",
        "casual",
        "registered",
        "year",
        "month",
        "day",
        "day_of_week",
        "temp_hum_interaction",
        "wind_category",
        "temp_season_adjusted"
      ]
    }
  },
  "local_explanations": [
    {
      "instance_index": 63,
      "actual_value": 1263.0,
      "shap_explanation": {
        "shap_values": [
          -20.97772719498724,
          -0.9003605458140373,
          0.12438614696264266,
          -3.425130989104509,
          -0.006727800369262695,
          -0.4820308974385262,
          -0.13641848385334016,
          -0.3561205707490444,
          -19.03940291047096,
          -18.69844453588128,
          -0.2572117571532726,
          0.31474602937698365,
          -481.707648037672,
          -2597.0092969425023,
          -0.753105040192604,
          -1.5105082981288434,
          -0.9161327876150608,
          -1.4504185001552106,
          -0.25640737168490885,
          0.36590336747467517,
          -4.284578643515706
        ],
        "base_value": 4533.457554062347,
        "feature_names": [
          "instant",
          "season",
          "yr",
          "mnth",
          "holiday",
          "weekday",
          "workingday",
          "weathersit",
          "temp",
          "atemp",
          "hum",
          "windspeed",
          "casual",
          "registered",
          "year",
          "month",
          "day",
          "day_of_week",
          "temp_hum_interaction",
          "wind_category",
          "temp_season_adjusted"
        ],
        "feature_values": [
          11.0,
          0.0,
          0.0,
          0.0,
          0.0,
          2.0,
          1.0,
          1.0,
          -1.7837499268310326,
          -1.7371234388718715,
          0.41080069498526733,
          -0.8826179733307508,
          43.0,
          1220.0,
          2011.0,
          1.0,
          11.0,
          1.0,
          -0.732765709622108,
          0.0,
          -0.7033266284942881
        ],
        "expected_value": 4533.457554062347,
        "prediction": 1382.0949182988738
      },
      "lime_explanation": {
        "intercept": 5409.535813454177,
        "prediction": 1382.0914171166746,
        "feature_importance": {
          "registered <= 2691.75": -2994.139272624018,
          "casual <= 326.75": -699.3062695260984,
          "instant <= 187.75": -78.36504532178353,
          "holiday <= 0.00": 77.33510835629154,
          "season <= 1.00": 44.868351700031276,
          "0.00 < workingday <= 1.00": -41.09268127916185,
          "0.05 < hum <= 0.75": -40.16788177024699,
          "windspeed <= -0.73": 39.613255803815285,
          "month <= 4.00": 39.53986739213724,
          "1.00 < weekday <= 3.00": 30.13824726010772
        },
        "feature_names": [
          "registered <= 2691.75",
          "casual <= 326.75",
          "instant <= 187.75",
          "holiday <= 0.00",
          "season <= 1.00",
          "0.00 < workingday <= 1.00",
          "0.05 < hum <= 0.75",
          "windspeed <= -0.73",
          "month <= 4.00",
          "1.00 < weekday <= 3.00"
        ],
        "feature_weights": [
          -2994.139272624018,
          -699.3062695260984,
          -78.36504532178353,
          77.33510835629154,
          44.868351700031276,
          -41.09268127916185,
          -40.16788177024699,
          39.613255803815285,
          39.53986739213724,
          30.13824726010772
        ]
      }
    },
    {
      "instance_index": 20,
      "actual_value": 5557.0,
      "shap_explanation": {
        "shap_values": [
          24.086504656672478,
          0.2681599587202072,
          0.5914173634350299,
          0.21130963310599327,
          -4.488855600357056e-05,
          -1.7799199499189853,
          -0.25417716532945633,
          0.8172120662033557,
          -3.5819811275601388,
          -8.36736734598875,
          -1.506402527540922,
          -0.13762056857347488,
          -366.0192296639085,
          1413.873116260767,
          0.20797743529081344,
          0.10522882826626301,
          1.3709291581809522,
          -3.3537487169355154,
          0.6006146739423275,
          -0.6965742120146752,
          -0.03537574961781502
        ],
        "base_value": 4533.457554062347,
        "feature_names": [
          "instant",
          "season",
          "yr",
          "mnth",
          "holiday",
          "weekday",
          "workingday",
          "weathersit",
          "temp",
          "atemp",
          "hum",
          "windspeed",
          "casual",
          "registered",
          "year",
          "month",
          "day",
          "day_of_week",
          "temp_hum_interaction",
          "wind_category",
          "temp_season_adjusted"
        ],
        "feature_values": [
          718.0,
          3.0,
          1.0,
          11.0,
          0.0,
          2.0,
          1.0,
          0.0,
          -0.46221917755587,
          -0.39696725445495895,
          0.26948285555117235,
          0.3992233260094342,
          433.0,
          5124.0,
          2012.0,
          12.0,
          18.0,
          1.0,
          -0.1245601438582702,
          2.0,
          -0.06599967199042533
        ],
        "expected_value": 4533.457554062347,
        "prediction": 5589.857582180987
      },
      "lime_explanation": {
        "intercept": 3987.815913995598,
        "prediction": 5589.853976435935,
        "feature_importance": {
          "registered > 4741.75": 2805.538674866421,
          "326.75 < casual <= 730.50": -450.2971351691775,
          "-0.83 < temp <= 0.10": -81.11470406537767,
          "-0.14 < windspeed <= 0.56": 77.35035388179494,
          "-0.39 < temp_season_adjusted <= 0.02": -76.17620693027827,
          "mnth > 8.00": 65.4492408563487,
          "season > 2.00": -59.647179998214185,
          "month > 9.00": 56.46582108317725,
          "-0.34 < temp_hum_interaction <= 0.10": -52.430390734714734,
          "15.50 < day <= 23.00": 50.30509673510523
        },