{
  "mae": 59.2288803088803,
  "rmse": 79.66738127673429,
  "r2": 0.9981505620260679
}